text,label
"bro this movie was insane",casual
"i didnt really like it tho",casual
"gonna finish it later",casual
"lol that was funny",casual
"cant believe this happened",casual
"pls send it asap",casual
"this game is kinda boring",casual
"dude that was awesome",casual

"I did not like the movie.",neutral
"She went to school yesterday.",neutral
"The work was completed on time.",neutral
"I will attend the meeting tomorrow.",neutral
"He submitted the assignment late.",neutral
"They discussed the issue carefully.",neutral
"The results were satisfactory.",neutral
"We reached the destination safely.",neutral

"The results indicate a significant improvement.",formal
"This experiment was conducted under controlled conditions.",formal
"The findings support the initial hypothesis.",formal
"The committee reached a unanimous decision.",formal
"The methodology was carefully designed.",formal
"This study examines the impact of climate change.",formal
"The data was analyzed using statistical methods.",formal
"The report presents a detailed evaluation.",formal

"bro this movie was insane",casual
"i didnt really like it tho",casual
"gonna finish it later",casual
"lol that was funny",casual
"cant believe this happened",casual
"pls send it asap",casual
"this game is kinda boring",casual
"dude that was awesome",casual
"im not sure about this",casual
"yeah i think so",casual
"nah thats not true",casual
"wanna go out later",casual
"this sucks honestly",casual
"idk what to do now",casual
"that was so cool",casual
"im feeling tired today",casual
"lets see what happens",casual
"ugh this is annoying",casual
"im gonna try again",casual
"ok cool thanks",casual
"bro you serious",casual
"this is kinda weird",casual
"im late again lol",casual
"cant wait for tomorrow",casual
"that was unexpected",casual
"haha that made me laugh",casual
"im not convinced tho",casual
"this looks good tbh",casual
"lets do it now",casual
"im done with this",casual
"yeah thats fine",casual
"why is this happening",casual
"im confused right now",casual
"this feels wrong",casual
"trust me on this",casual
"nah im good",casual
"this is taking forever",casual
"guess we will see",casual
"i messed up again",casual
"that was my bad",casual
"this isnt working",casual
"im gonna leave now",casual
"bro calm down",casual
"this is too much",casual
"ok lets stop",casual
"im bored already",casual
"that didnt help",casual
"this makes no sense",casual
"im tired of waiting",casual
"lets fix this later",casual
"that was awkward",casual
"im not happy rn",casual
"whatever happens happens",casual
"this is messed up",casual
"ok i get it now",casual
"why would you do that",casual
"this isnt fair",casual
"im kinda lost",casual
"lets talk later",casual
"that didnt go well",casual
"i totally forgot",casual
"im sorry about that",casual
"this is funny tho",casual
"lets move on",casual
"im done talking",casual
"this was pointless",casual
"im not ready yet",casual
"ok lets try again",casual
"that sounds good",casual
"i dont think so",casual
"this is annoying me",casual
"im gonna sleep now",casual
"lets end this here",casual
"this feels off",casual
"why even bother",casual
"im overthinking this",casual
"this could be better",casual
"lets see tomorrow",casual
"that was unexpected lol",casual
"im not buying it",casual
"this is too easy",casual
"ok cool got it",casual
"im freaking out",casual
"that was close",casual
"lets chill for now",casual
"im just saying",casual
"this isnt good",casual
"bro relax",casual
"im done here",casual


"I did not like the movie.",neutral
"She went to school yesterday.",neutral
"The task was completed on time.",neutral
"I will attend the meeting tomorrow.",neutral
"He submitted the assignment late.",neutral
"They discussed the issue carefully.",neutral
"The results were satisfactory.",neutral
"We reached the destination safely.",neutral
"The weather was pleasant today.",neutral
"I will call you later.",neutral
"The project is almost finished.",neutral
"She enjoys reading books.",neutral
"He arrived early for the event.",neutral
"They completed the work together.",neutral
"The class started on time.",neutral
"I forgot to bring my notebook.",neutral
"The team performed well.",neutral
"We will review the document.",neutral
"The system works as expected.",neutral
"I understand the problem now.",neutral
"The file was saved correctly.",neutral
"He answered the question.",neutral
"They waited for the results.",neutral
"The process took longer.",neutral
"I followed the instructions.",neutral
"The meeting ended early.",neutral
"We discussed the plan.",neutral
"The solution was accepted.",neutral
"He checked the details.",neutral
"The report was submitted.",neutral
"I completed the assignment.",neutral
"The data was processed.",neutral
"They shared the information.",neutral
"The task was simple.",neutral
"I learned something new.",neutral
"The decision was final.",neutral
"We reached an agreement.",neutral
"The experiment was successful.",neutral
"He fixed the issue.",neutral
"The explanation was clear.",neutral
"I agree with the conclusion.",neutral
"The test was conducted.",neutral
"They reviewed the output.",neutral
"The schedule was updated.",neutral
"I confirmed the details.",neutral
"The problem was solved.",neutral
"He followed the steps.",neutral
"The request was approved.",neutral
"We completed the analysis.",neutral
"The outcome was positive.",neutral
"I checked the results.",neutral
"The system was updated.",neutral
"They completed the task.",neutral
"The response was recorded.",neutral
"I prepared the document.",neutral
"The process was smooth.",neutral
"He understood the concept.",neutral
"The report was finalized.",neutral
"We reviewed the changes.",neutral
"The work was accurate.",neutral
"I followed up later.",neutral
"The setup was correct.",neutral
"They met the deadline.",neutral
"The summary was clear.",neutral
"I verified the output.",neutral
"The data was collected.",neutral
"We discussed the results.",neutral
"The explanation was sufficient.",neutral
"I reviewed the file.",neutral
"The decision was justified.",neutral
"They completed the review.",neutral
"The output matched expectations.",neutral
"I documented the steps.",neutral
"The system behaved correctly.",neutral
"We confirmed the solution.",neutral
"The report was approved.",neutral
"I analyzed the data.",neutral
"The test was successful.",neutral
"They completed the process.",neutral
"The findings were accurate.",neutral
"I checked the configuration.",neutral
"The results were verified.",neutral
"We followed the procedure.",neutral
"The document was complete.",neutral
"I validated the input.",neutral
"The conclusion was logical.",neutral
"They submitted the report.",neutral
"The issue was resolved.",neutral


"The results indicate a significant improvement.",formal
"This experiment was conducted under controlled conditions.",formal
"The findings support the initial hypothesis.",formal
"The committee reached a unanimous decision.",formal
"The methodology was carefully designed.",formal
"This study examines the impact of climate change.",formal
"The data was analyzed using statistical methods.",formal
"The report presents a detailed evaluation.",formal
"The results demonstrate consistent behavior.",formal
"This paper explores the underlying factors.",formal
"The analysis reveals important trends.",formal
"The experiment followed standard procedures.",formal
"The outcomes align with previous research.",formal
"The study provides valuable insights.",formal
"The findings contribute to existing literature.",formal
"The methodology ensures reliability.",formal
"The conclusions are well supported.",formal
"This research highlights key observations.",formal
"The experiment was replicated successfully.",formal
"The results were statistically significant.",formal
"The report summarizes the findings.",formal
"The analysis was conducted systematically.",formal
"The study addresses critical issues.",formal
"The conclusions were drawn logically.",formal
"The experiment validates the hypothesis.",formal
"The research design was appropriate.",formal
"The results were consistent across trials.",formal
"The study offers meaningful conclusions.",formal
"The analysis confirms the assumptions.",formal
"The methodology followed best practices.",formal
"The findings were carefully documented.",formal
"The research provides strong evidence.",formal
"The experiment was well controlled.",formal
"The data supports the conclusions.",formal
"The study advances current understanding.",formal
"The report details the methodology.",formal
"The analysis followed rigorous standards.",formal
"The research outcomes are reliable.",formal
"The conclusions are clearly stated.",formal
"The experiment produced valid results.",formal
"The findings align with expectations.",formal
"The methodology minimized bias.",formal
"The study was conducted ethically.",formal
"The results were reproducible.",formal
"The analysis enhances credibility.",formal
"The research objectives were met.",formal
"The report demonstrates thorough analysis.",formal
"The findings are well substantiated.",formal
"The experiment confirms theoretical predictions.",formal
"The study contributes to academic discourse.",formal
"The conclusions are supported by data.",formal
"The methodology ensures accuracy.",formal
"The results are consistent with theory.",formal
"The research provides a solid framework.",formal
"The analysis was comprehensive.",formal
"The study presents reliable evidence.",formal
"The experiment was designed effectively.",formal
"The findings strengthen the argument.",formal
"The report reflects systematic research.",formal
"The conclusions are scientifically valid.",formal
"The study employs sound methodology.",formal
"The results enhance understanding.",formal
"The research meets academic standards.",formal
"The analysis confirms reliability.",formal
"The experiment yielded conclusive results.",formal
"The findings are methodologically sound.",formal
"The study follows established protocols.",formal
"The conclusions are evidence based.",formal
"The report provides detailed analysis.",formal
"The research methodology is robust.",formal
"The results validate the model.",formal
"The study supports theoretical claims.",formal
"The analysis confirms consistency.",formal
"The findings contribute new knowledge.",formal
"The experiment adhered to guidelines.",formal
"The conclusions are academically sound.",formal
"The research demonstrates validity.",formal
"The results reinforce the hypothesis.",formal
"The study ensures methodological rigor.",formal
"The analysis strengthens conclusions.",formal
"The findings reflect careful experimentation.",formal
"The report meets scholarly standards.",formal



"bro this movie was insane",casual
"i didnt really like it tho",casual
"gonna finish it later",casual
"lol that was funny",casual
"cant believe this happened",casual
"pls send it asap",casual
"this game is kinda boring",casual
"idk what to do now",casual
"im not sure about that",casual
"that sounds kinda cool",casual
"we'll talk later ok",casual
"this app is super slow",casual
"nah i dont think so",casual
"imma try again tomorrow",casual
"that wasnt what i expected",casual
"hey whats going on",casual
"im feeling kinda tired today",casual
"this doesnt make sense to me",casual
"why is this so confusing",casual
"lets see what happens",casual
"im not gonna lie",casual
"this feature is kinda neat",casual
"i cant deal with this rn",casual
"this is way too much work",casual
"we should probably leave",casual
"im just saying tho",casual
"that didnt work at all",casual
"i dont feel like doing it",casual
"this doesnt look right",casual
"ugh this is annoying",casual
"im stuck on this problem",casual
"we'll figure it out somehow",casual
"i think its fine tbh",casual
"this was way better before",casual
"im not happy with this",casual
"this update broke everything",casual
"i dont get the hype",casual
"that was kinda unexpected",casual
"im done for today",casual
"this doesnt seem fair",casual
"i might try later",casual
"this is not what i wanted",casual
"why does this keep happening",casual
"i guess thats okay",casual
"this feels off somehow",casual
"im honestly confused rn",casual
"that didnt go well",casual
"i dont care anymore",casual
"lets just move on",casual


"bro that was wild",casual
"i cant even explain this",casual
"this feels kinda weird",casual
"not gonna happen today",casual
"im lowkey excited tho",casual
"that was a close one",casual
"this thing keeps crashing",casual
"im tired of fixing this",casual
"why is it always like this",casual
"lets grab food later",casual
"im not feeling it rn",casual
"this is taking forever",casual
"that sounds kinda risky",casual
"im done arguing about it",casual
"this didnt age well",casual
"we messed this up badly",casual
"that wasnt necessary tbh",casual
"i shouldve known better",casual
"this whole thing is messy",casual
"im honestly over it",casual
"that didnt sit right with me",casual
"this isnt working anymore",casual
"we can talk later",casual
"i didnt sign up for this",casual
"this feels super awkward",casual
"not sure what went wrong",casual
"this is kinda my fault",casual
"im just really annoyed",casual
"that was totally random",casual
"lets not do this again",casual
"this is way too stressful",casual
"i cant keep doing this",casual
"we probably should stop",casual
"this isnt worth it",casual
"i didnt expect that at all",casual
"this feels rushed",casual
"why does nothing work",casual
"im slowly losing patience",casual
"this is getting ridiculous",casual
"i cant believe we tried that",casual
"that didnt make any sense",casual
"im just gonna wait",casual
"this is honestly exhausting",casual
"lets drop the topic",casual
"im not convinced yet",casual
"this doesnt feel right",casual
"i cant deal with delays",casual
"that plan fell apart",casual
"this couldve been better",casual





"The experiment was conducted under controlled laboratory conditions",formal
"The results indicate a significant improvement in system performance",formal
"This study aims to evaluate the effectiveness of the proposed method",formal
"The data collected during the experiment were carefully analyzed",formal
"The findings suggest a strong correlation between the variables",formal
"This report provides an overview of the project methodology",formal
"The system was designed to ensure scalability and reliability",formal
"The research focuses on improving natural language processing accuracy",formal
"The analysis demonstrates consistent behavior across multiple test cases",formal
"The proposed approach addresses several limitations of existing models",formal
"The experiment was repeated to ensure the reliability of results",formal
"The methodology follows standard academic research practices",formal
"The system architecture was developed using modular principles",formal
"The evaluation metrics were selected based on industry standards",formal
"This paper discusses the implications of the observed results",formal
"The model was trained using a balanced dataset",formal
"The findings contribute to the understanding of language modeling",formal
"The system was tested under various operating conditions",formal
"The research highlights the importance of data quality",formal
"The experiment confirms the validity of the proposed hypothesis",formal
"The implementation follows best software engineering practices",formal
"The study examines the impact of feature selection on performance",formal
"The results were verified through multiple validation techniques",formal
"The system demonstrates improved accuracy over baseline models",formal
"The research methodology was reviewed and approved",formal
"The experiment was designed to minimize external interference",formal
"The findings support the initial research objectives",formal
"The proposed framework enhances overall system efficiency",formal
"The analysis includes both qualitative and quantitative measures",formal
"The system was evaluated using real world datasets",formal
"The study presents a detailed comparison of different approaches",formal
"The model performance was measured using standardized metrics",formal
"The research emphasizes the role of contextual analysis",formal
"The experiment was conducted in accordance with ethical guidelines",formal
"The findings provide valuable insights into system behavior",formal
"The system design prioritizes maintainability and extensibility",formal
"The study investigates the relationship between input features and output",formal
"The analysis reveals patterns consistent with theoretical expectations",formal
"The system was deployed in a controlled testing environment",formal
"The research contributes to advancements in text analysis",formal
"The experiment demonstrates the robustness of the model",formal
"The findings were documented for future reference",formal
"The system architecture supports future enhancements",formal
"The study evaluates both strengths and limitations of the model",formal
"The analysis confirms the effectiveness of the implemented solution",formal
"The research explores optimization techniques for better performance",formal
"The experiment validates the feasibility of the proposed design",formal
"The system complies with established quality standards",formal
"The study outlines the steps involved in system development",formal
"The analysis identifies key factors influencing accuracy",formal
"The system was reviewed to ensure compliance with requirements",formal
"The research provides a foundation for further investigation",formal
"The experiment results align with previous studies",formal
"The findings reinforce the importance of structured data processing",formal
"The system was configured to handle large volumes of data",formal
"The study assesses the scalability of the implemented approach",formal
"The analysis highlights improvements over traditional methods",formal
"The system demonstrates consistent performance across datasets",formal
"The research discusses potential applications of the model",formal
"The experiment confirms that the objectives were achieved",formal
"The findings support the adoption of the proposed framework",formal
"The system was optimized to reduce computational overhead",formal
"The study documents the experimental setup in detail",formal
"The analysis shows a reduction in error rates",formal
"The system was validated using cross validation techniques",formal
"The research emphasizes reproducibility of results",formal
"The experiment illustrates the impact of parameter tuning",formal
"The findings suggest areas for future improvement",formal
"The system design follows industry best practices",formal
"The study examines the effectiveness of linguistic features",formal
"The analysis confirms that the system meets performance criteria",formal
"The research highlights challenges encountered during development",formal
"The experiment demonstrates the stability of the model",formal
"The findings contribute to the broader field of language analysis",formal
"The system was implemented using a structured development process",formal
"The study provides recommendations for further enhancement",formal
"The analysis validates the overall effectiveness of the system",formal
"The research concludes that the proposed approach is viable",formal


"The study was conducted using a systematic research approach",formal
"The results demonstrate measurable improvements in accuracy",formal
"This research investigates the effectiveness of language analysis techniques",formal
"The dataset was prepared following standard preprocessing procedures",formal
"The findings indicate consistent performance across multiple evaluations",formal
"This paper outlines the design considerations of the proposed system",formal
"The implementation was completed using a modular software framework",formal
"The research focuses on enhancing interpretability in machine learning models",formal
"The analysis provides evidence supporting the proposed methodology",formal
"The system architecture was reviewed for performance optimization",formal
"The experiment was structured to reduce potential sources of bias",formal
"The study applies established linguistic theories to text analysis",formal
"The results were analyzed using appropriate statistical methods",formal
"The system was tested to ensure reliability under varying conditions",formal
"The research emphasizes transparency in model decision making",formal
"This work evaluates the impact of dataset quality on prediction outcomes",formal
"The findings suggest improvements over conventional classification techniques",formal
"The system was designed to support extensibility and future upgrades",formal
"The experiment was conducted with clearly defined evaluation criteria",formal
"The research contributes to the development of explainable artificial intelligence",formal
"The analysis examines the interaction between linguistic features",formal
"The system performance was compared against benchmark models",formal
"The study highlights the importance of balanced training data",formal
"The results confirm the robustness of the implemented framework",formal
"The research methodology was selected to ensure reproducibility",formal
"The system was optimized to improve computational efficiency",formal
"The experiment included multiple iterations to validate consistency",formal
"The findings support the feasibility of the proposed solution",formal
"The analysis discusses potential limitations of the current approach",formal
"The research provides insights into automated text evaluation",formal
"The system design adheres to established engineering principles",formal
"The study evaluates the effectiveness of contextual feature extraction",formal
"The results demonstrate reduced error rates across test cases",formal
"The experiment followed predefined protocols for data handling",formal
"The research examines the role of syntactic patterns in classification",formal
"The system was developed with a focus on maintainable code structure",formal
"The findings indicate scalability for larger datasets",formal
"The analysis confirms alignment with the research objectives",formal
"The study investigates performance variations across input types",formal
"The system was evaluated using cross validation methodologies",formal
"The research addresses challenges associated with natural language ambiguity",formal
"The experiment demonstrates improved generalization capability",formal
"The findings highlight the effectiveness of hybrid analysis methods",formal
"The system was tested for stability during extended operation",formal
"The study documents the design rationale in detail",formal
"The analysis supports the adoption of the proposed approach",formal
"The research explores feature engineering strategies for text classification",formal
"The experiment validates the integration of rule based and statistical methods",formal
"The system complies with recommended software quality guidelines",formal
"The study presents a structured evaluation of model performance",formal
"The findings emphasize the importance of explainable outputs",formal
"The analysis examines error patterns observed during testing",formal
"The research contributes to improvements in automated assessment systems",formal
"The system was developed following a phased implementation strategy",formal
"The experiment demonstrates the effectiveness of contextual modeling",formal
"The findings support further investigation into related techniques",formal
"The analysis confirms consistent results across multiple datasets",formal
"The research evaluates tradeoffs between accuracy and interpretability",formal
"The system was designed to operate efficiently under limited resources",formal
"The study assesses the impact of preprocessing on model outcomes",formal
"The results indicate improved classification stability",formal
"The experiment was conducted using reproducible experimental settings",formal
"The research highlights the significance of linguistic context",formal
"The system performance was monitored throughout the evaluation phase",formal
"The study investigates correlations between features and predictions",formal
"The findings validate the assumptions underlying the proposed model",formal
"The analysis demonstrates effective handling of textual variability",formal
"The research discusses practical implications of the results",formal
"The system was validated using independent test samples",formal
"The study emphasizes methodological rigor in experimental design",formal
"The results confirm the system meets defined performance benchmarks",formal
"The experiment illustrates improvements over baseline configurations",formal
"The research examines the influence of feature selection techniques",formal
"The system was engineered to support reliable deployment",formal
"The study outlines directions for future enhancements",formal
"The analysis confirms the suitability of the approach for academic use",formal
"The research concludes that the system performs as intended",formal


"The research study was structured to ensure methodological clarity",formal
"The analysis was performed using established evaluation techniques",formal
"This investigation examines the effectiveness of structured text analysis",formal
"The dataset was curated to represent diverse linguistic patterns",formal
"The findings demonstrate reliability across repeated experiments",formal
"This paper describes the development process of the proposed system",formal
"The implementation strategy prioritized clarity and maintainability",formal
"The research focuses on systematic improvement of classification accuracy",formal
"The analysis provides comprehensive insights into system behavior",formal
"The system architecture was assessed for long term sustainability",formal
"The experiment was designed with clearly defined objectives",formal
"The study applies standardized procedures for data preparation",formal
"The results were examined to identify consistent performance trends",formal
"The system was evaluated to ensure operational robustness",formal
"The research highlights the importance of explainable model outputs",formal
"This work investigates the role of linguistic features in text assessment",formal
"The findings indicate measurable benefits of the proposed approach",formal
"The system was designed to support structured expansion",formal
"The experiment followed a controlled and repeatable process",formal
"The research contributes to improved methodologies in language evaluation",formal
"The analysis explores relationships between textual attributes",formal
"The system performance was benchmarked against reference models",formal
"The study underscores the necessity of balanced training data",formal
"The results validate the consistency of the experimental outcomes",formal
"The research methodology emphasizes reproducibility and transparency",formal
"The system was optimized to enhance processing efficiency",formal
"The experiment incorporated multiple validation stages",formal
"The findings confirm the applicability of the proposed framework",formal
"The analysis discusses constraints associated with the current implementation",formal
"The research advances understanding of automated text quality analysis",formal
"The system design reflects adherence to professional engineering standards",formal
"The study evaluates the influence of contextual signals on predictions",formal
"The results indicate stable performance across varied inputs",formal
"The experiment adhered to predefined analytical protocols",formal
"The research examines syntactic structures within formal text",formal
"The system was developed to ensure consistent output behavior",formal
"The findings suggest scalability for extended datasets",formal
"The analysis confirms alignment with stated research goals",formal
"The study investigates performance consistency across evaluation scenarios",formal
"The system was tested using controlled validation techniques",formal
"The research addresses challenges in language ambiguity resolution",formal
"The experiment demonstrates improvements in interpretability",formal
"The findings highlight strengths of the implemented solution",formal
"The system was evaluated for stability under continuous operation",formal
"The study documents procedural steps in detail",formal
"The analysis supports the effectiveness of the selected methodology",formal
"The research explores structured feature representation methods",formal
"The experiment validates integration of rule based evaluation components",formal
"The system conforms to recognized quality assurance practices",formal
"The study presents a comprehensive performance assessment",formal
"The findings emphasize accuracy and consistency of results",formal
"The analysis examines classification errors and contributing factors",formal
"The research contributes to enhancements in automated evaluation systems",formal
"The system was implemented using a phased development lifecycle",formal
"The experiment demonstrates effective handling of structured text",formal
"The findings support continued exploration of related methodologies",formal
"The analysis confirms repeatability of experimental findings",formal
"The research evaluates balance between precision and interpretability",formal
"The system was engineered for efficient resource utilization",formal
"The study assesses the impact of normalization techniques",formal
"The results indicate dependable classification outcomes",formal
"The experiment was conducted within defined experimental parameters",formal
"The research highlights the role of contextual consistency",formal
"The system performance was observed throughout testing phases",formal
"The study investigates relationships between linguistic indicators",formal
"The findings validate the conceptual assumptions of the model",formal
"The analysis demonstrates effective processing of formal language",formal
"The research discusses implications for academic text evaluation",formal
"The system was validated using controlled test environments",formal
"The study emphasizes precision in experimental execution",formal
"The results confirm compliance with defined evaluation standards",formal
"The experiment illustrates consistent improvements over baseline systems",formal
"The research examines the influence of structural features",formal
"The system was designed to ensure dependable deployment",formal
"The study outlines potential directions for future research",formal
"The analysis confirms suitability for scholarly applications",formal
"The research concludes that the implementation meets stated objectives",formal

"The study was designed to examine structured patterns in written language",formal
"The analysis was conducted using clearly defined evaluation criteria",formal
"This research investigates methods for improving text quality assessment",formal
"The dataset was organized to reflect formal writing characteristics",formal
"The findings demonstrate consistency across multiple validation stages",formal
"This paper presents a systematic approach to language analysis",formal
"The implementation process followed documented development guidelines",formal
"The research focuses on identifying features relevant to formal writing",formal
"The analysis provides detailed insights into classification behavior",formal
"The system architecture was reviewed to ensure long term viability",formal
"The experiment was structured to support objective evaluation",formal
"The study applies standardized techniques for linguistic processing",formal
"The results were examined to ensure alignment with research expectations",formal
"The system was evaluated to confirm dependable performance",formal
"The research highlights the importance of methodological discipline",formal
"This work examines formal language usage in academic contexts",formal
"The findings indicate improvements in predictive stability",formal
"The system was designed to accommodate future analytical extensions",formal
"The experiment adhered to established research protocols",formal
"The research contributes to systematic evaluation of written text",formal
"The analysis explores relationships between structural elements",formal
"The system performance was compared with reference implementations",formal
"The study emphasizes the necessity of controlled experimentation",formal
"The results validate the reliability of the analytical framework",formal
"The research methodology ensures transparency in result interpretation",formal
"The system was optimized to maintain consistent response behavior",formal
"The experiment incorporated rigorous validation procedures",formal
"The findings confirm the relevance of the proposed methodology",formal
"The analysis discusses considerations related to formal text structure",formal
"The research advances understanding of academic language patterns",formal
"The system design reflects professional documentation standards",formal
"The study evaluates the contribution of contextual features",formal
"The results indicate robustness across structured datasets",formal
"The experiment followed predefined analytical workflows",formal
"The research examines grammatical consistency in formal writing",formal
"The system was developed to ensure predictable outcomes",formal
"The findings suggest suitability for large scale evaluation",formal
"The analysis confirms coherence with stated research aims",formal
"The study investigates consistency across formal text samples",formal
"The system was tested using controlled assessment environments",formal
"The research addresses challenges in structured language evaluation",formal
"The experiment demonstrates clarity in formal classification",formal
"The findings highlight advantages of the implemented framework",formal
"The system was assessed for operational stability",formal
"The study documents the evaluation process comprehensively",formal
"The analysis supports the effectiveness of formal feature modeling",formal
"The research explores structured approaches to text representation",formal
"The experiment validates integration of analytical components",formal
"The system complies with recognized academic standards",formal
"The study presents a detailed examination of model behavior",formal
"The findings emphasize precision in classification results",formal
"The analysis examines factors influencing formal language detection",formal
"The research contributes to refinement of automated evaluation methods",formal
"The system was implemented using a disciplined development approach",formal
"The experiment demonstrates reliable processing of academic text",formal
"The findings support further refinement of evaluation strategies",formal
"The analysis confirms stability across formal datasets",formal
"The research evaluates balance between analytical depth and efficiency",formal
"The system was engineered to support structured deployment",formal
"The study assesses the impact of preprocessing on formal analysis",formal
"The results indicate dependable recognition of formal tone",formal
"The experiment was conducted within controlled research settings",formal
"The research highlights the role of structure in written communication",formal
"The system performance was monitored throughout testing cycles",formal
"The study investigates relationships between syntax and meaning",formal
"The findings validate assumptions regarding formal language usage",formal
"The analysis demonstrates consistent interpretation of formal text",formal
"The research discusses implications for academic writing evaluation",formal
"The system was validated using curated test corpora",formal
"The study emphasizes rigor in analytical methodology",formal
"The results confirm adherence to defined evaluation benchmarks",formal
"The experiment illustrates improvements over unstructured methods",formal
"The research examines structural indicators of formal writing",formal
"The system was designed to ensure reliable operational behavior",formal
"The study outlines avenues for future academic investigation",formal
"The analysis confirms applicability to scholarly assessment tasks",formal
"The research concludes that the system meets formal evaluation goals",formal


"The research was conducted to ensure accuracy in textual evaluation",formal
"The analysis applied systematic methods for assessing language quality",formal
"This study investigates formal writing characteristics in academic text",formal
"The dataset was constructed to represent structured language usage",formal
"The findings demonstrate consistency across controlled evaluations",formal
"This paper outlines a formal framework for text quality analysis",formal
"The implementation followed a well defined development methodology",formal
"The research focuses on identifying indicators of formal tone",formal
"The analysis provides detailed assessment of writing structure",formal
"The system architecture was examined for long term reliability",formal
"The experiment was designed to ensure objective interpretation of results",formal
"The study applies formal linguistic principles to text evaluation",formal
"The results were reviewed to verify analytical accuracy",formal
"The system was tested to confirm predictable performance behavior",formal
"The research highlights the importance of structured language modeling",formal
"This work examines formal expression in professional documentation",formal
"The findings indicate strong alignment with academic writing norms",formal
"The system was designed to support disciplined text analysis",formal
"The experiment followed an organized and repeatable evaluation process",formal
"The research contributes to formal assessment of written communication",formal
"The analysis explores structured features associated with formal style",formal
"The system performance was measured using formal evaluation criteria",formal
"The study emphasizes precision in academic language detection",formal
"The results validate the effectiveness of the formal analysis framework",formal
"The research methodology ensures consistency in evaluation outcomes",formal
"The system was optimized to maintain analytical rigor",formal
"The experiment incorporated controlled procedures for validation",formal
"The findings confirm the applicability of the formal modeling approach",formal
"The analysis discusses factors influencing formal text interpretation",formal
"The research advances methods for assessing academic writing quality",formal
"The system design reflects adherence to scholarly standards",formal
"The study evaluates formal structure within written discourse",formal
"The results indicate reliable recognition of formal writing patterns",formal
"The experiment adhered to predefined research guidelines",formal
"The research examines syntactic features common in formal writing",formal
"The system was developed to ensure consistency in formal evaluations",formal
"The findings suggest suitability for large scale academic analysis",formal
"The analysis confirms coherence with established research objectives",formal
"The study investigates formal tone across diverse academic samples",formal
"The system was tested using curated scholarly datasets",formal
"The research addresses challenges in formal language classification",formal
"The experiment demonstrates effective handling of structured text",formal
"The findings highlight strengths of the formal evaluation process",formal
"The system was assessed for stability in analytical operations",formal
"The study documents formal evaluation procedures in detail",formal
"The analysis supports the reliability of formal feature extraction",formal
"The research explores structured representation of academic language",formal
"The experiment validates integration of formal linguistic components",formal
"The system complies with accepted academic quality benchmarks",formal
"The study presents a comprehensive analysis of formal writing behavior",formal
"The findings emphasize consistency in formal text assessment",formal
"The analysis examines indicators of professional language usage",formal
"The research contributes to refinement of academic text evaluation systems",formal
"The system was implemented using a structured analytical pipeline",formal
"The experiment demonstrates reliable classification of formal tone",formal
"The findings support continued refinement of formal evaluation methods",formal
"The analysis confirms stable performance across formal datasets",formal
"The research evaluates tradeoffs between depth and efficiency in analysis",formal
"The system was engineered to support disciplined assessment workflows",formal
"The study assesses the impact of structured preprocessing on formal analysis",formal
"The results indicate dependable identification of academic tone",formal
"The experiment was conducted within controlled scholarly settings",formal
"The research highlights the role of structure in academic communication",formal
"The system performance was observed across multiple evaluation cycles",formal
"The study investigates relationships between syntax and formal expression",formal
"The findings validate assumptions related to academic writing style",formal
"The analysis demonstrates consistent processing of formal language",formal
"The research discusses implications for professional writing evaluation",formal
"The system was validated using benchmark academic corpora",formal
"The study emphasizes rigor in formal analytical methodology",formal
"The results confirm adherence to scholarly evaluation standards",formal
"The experiment illustrates improvements over informal analysis methods",formal
"The research examines structural signals of professional writing",formal
"The system was designed to ensure dependable analytical outcomes",formal
"The study outlines future directions for academic language research",formal
"The analysis confirms applicability to scholarly writing assessment",formal
"The research concludes that the system fulfills formal evaluation requirements",formal



"bro this movie was insane",casual
"i cant believe how good that was",casual
"i didnt really enjoy it tbh",casual
"this game is kinda boring",casual
"im not feeling great today",casual
"that was way better than expected",casual
"i dont think this will work",casual
"this app keeps crashing on me",casual
"im gonna try again later",casual
"that didnt go as planned",casual
"i cant deal with delays",casual
"this feels really awkward",casual
"i wasnt ready for that",casual
"this update messed everything up",casual
"im honestly confused right now",casual
"that didnt make any sense",casual
"i dont get why this happens",casual
"this is taking way too long",casual
"im tired of fixing this",casual
"that was a bad idea",casual
"i cant focus on this today",casual
"this whole thing sucks",casual
"im just trying to help here",casual
"that plan fell apart",casual
"i didnt expect that outcome",casual
"this feels kinda pointless",casual
"im already over it",casual
"that wasnt my intention",casual
"i dont feel like arguing",casual
"this keeps getting worse",casual
"im not impressed at all",casual
"that didnt work out",casual
"i cant believe this failed",casual
"this is getting annoying",casual
"im done dealing with this",casual
"that wasnt worth the effort",casual
"i dont know what to say",casual
"this is way too much",casual
"im feeling kinda stressed",casual
"that didnt help at all",casual
"i cant keep waiting",casual
"this doesnt look right",casual
"im not sure about this",casual
"that went downhill fast",casual
"i didnt plan for this mess",casual
"this is honestly exhausting",casual
"im done for today",casual
"that couldve gone better",casual
"i dont care anymore",casual
"this keeps going wrong",casual
"im just annoyed now",casual
"that wasnt necessary",casual
"i cant figure this out",casual
"this feels off to me",casual
"im not buying that excuse",casual
"that didnt sit right with me",casual
"i cant deal with this rn",casual
"this is kinda my fault",casual
"im really frustrated today",casual
"that was totally random",casual
"i dont think this is fair",casual
"this whole thing is messy",casual
"im honestly overthinking it",casual
"that didnt go well",casual
"i cant keep doing this",casual
"this feels way too rushed",casual
"im not convinced yet",casual
"that wasnt what i expected",casual
"i dont feel motivated",casual
"this is getting ridiculous",casual
"im just gonna wait",casual
"that didnt solve anything",casual
"i cant deal with the stress",casual
"this is way too confusing",casual
"im not happy with this",casual
"that wasnt handled well",casual
"i dont get the hype",casual
"this couldve been better",casual
"im honestly exhausted now",casual
"that didnt make it better",casual
"i cant believe we tried that",casual
"this is just frustrating",casual
"im done talking about it",casual
"that was a complete mess",casual
"i dont want to deal with this",casual


"im not really into this",casual
"this feels kinda boring now",casual
"i cant believe its already over",casual
"that didnt turn out right",casual
"im just trying to relax",casual
"this keeps getting worse somehow",casual
"i dont feel like explaining",casual
"that was way too close",casual
"im already tired of waiting",casual
"this app is acting weird",casual
"i didnt sign up for this",casual
"that didnt go smoothly",casual
"im honestly surprised by this",casual
"this feels super awkward",casual
"i cant deal with this today",casual
"that was not what i meant",casual
"im just gonna ignore it",casual
"this isnt really helping",casual
"i dont know why i tried",casual
"that didnt work like before",casual
"im kinda disappointed tbh",casual
"this is taking forever now",casual
"i cant keep track of this",casual
"that wasnt part of the plan",casual
"im not in the mood",casual
"this keeps stressing me out",casual
"i didnt expect it to fail",casual
"that was way too much effort",casual
"im honestly annoyed right now",casual
"this is getting out of hand",casual
"i cant believe we messed up",casual
"that didnt help the situation",casual
"im just feeling lazy today",casual
"this isnt going anywhere",casual
"i dont feel confident about this",casual
"that was kinda embarrassing",casual
"im not dealing with that",casual
"this feels really off",casual
"i didnt mean to do that",casual
"that went wrong pretty fast",casual
"im just gonna take a break",casual
"this keeps happening again",casual
"i cant focus on anything",casual
"that wasnt worth the trouble",casual
"im not sure why it failed",casual
"this is honestly frustrating",casual
"i didnt think it would break",casual
"that didnt make things better",casual
"im already losing patience",casual
"this just doesnt work anymore",casual
"i cant deal with all this",casual
"that wasnt handled properly",casual
"im not impressed by this",casual
"this is way too confusing",casual
"i didnt plan to stay this long",casual
"that didnt feel right",casual
"im just really tired now",casual
"this keeps slowing me down",casual
"i cant keep fixing this",casual
"that wasnt what i hoped for",casual
"im honestly over it now",casual
"this is getting ridiculous",casual
"i didnt want it this way",casual
"that didnt solve the problem",casual
"im not motivated at all",casual
"this feels like a waste",casual
"i cant believe this happened",casual
"that was totally unnecessary",casual
"im just done with this",casual
"this isnt what i expected",casual
"i didnt think it would end like this",casual
"that didnt help much",casual
"im honestly confused again",casual
"this keeps messing things up",casual
"i cant keep waiting around",casual
"that wasnt a good call",casual
"im not happy with the result",casual
"this feels way too stressful",casual
"i didnt expect this outcome",casual
"that didnt turn out well",casual
"im just gonna stop now",casual
"this is really bothering me",casual
"i cant deal with the pressure",casual
"that wasnt worth it",casual
"im already fed up",casual
"this keeps dragging on",casual
"i didnt mean for this to happen",casual


"im not feeling this today",casual
"this is kinda stressing me out",casual
"i cant believe how fast this changed",casual
"that didnt go the way i thought",casual
"im just trying to get through it",casual
"this feels really unnecessary",casual
"i dont feel ready for this",casual
"that was way more work than expected",casual
"im already annoyed by this",casual
"this keeps slowing everything down",casual
"i didnt think itd be this hard",casual
"that didnt make things easier",casual
"im honestly just tired",casual
"this feels like a bad idea",casual
"i cant deal with this mess",casual
"that wasnt supposed to happen",casual
"im just gonna leave it",casual
"this isnt helping at all",casual
"i dont know what went wrong",casual
"that didnt turn out great",casual
"im kinda losing interest",casual
"this is taking too much time",casual
"i cant keep track anymore",casual
"that wasnt what we planned",casual
"im not really enjoying this",casual
"this keeps throwing me off",casual
"i didnt expect such a delay",casual
"that was harder than it looked",casual
"im honestly getting impatient",casual
"this is getting old fast",casual
"i cant believe we waited so long",casual
"that didnt help much either",casual
"im just feeling overwhelmed",casual
"this isnt going as expected",casual
"i dont feel confident anymore",casual
"that was kinda disappointing",casual
"im not dealing with this right now",casual
"this feels like a waste of time",casual
"i didnt mean for it to break",casual
"that went wrong really quickly",casual
"im just gonna pause here",casual
"this keeps messing up my plans",casual
"i cant focus with all this going on",casual
"that wasnt worth the effort",casual
"im not sure why this keeps happening",casual
"this is honestly draining",casual
"i didnt expect it to be this bad",casual
"that didnt fix anything",casual
"im already frustrated again",casual
"this just isnt working out",casual
"i cant deal with the confusion",casual
"that wasnt handled very well",casual
"im not happy about this at all",casual
"this feels way too complicated",casual
"i didnt plan on spending so long",casual
"that didnt sit right with me",casual
"im just really worn out",casual
"this keeps slowing progress",casual
"i cant keep fixing the same thing",casual
"that wasnt what i hoped for",casual
"im honestly losing motivation",casual
"this is getting really annoying",casual
"i didnt want it to end this way",casual
"that didnt solve anything again",casual
"im not motivated to continue",casual
"this feels pointless now",casual
"i cant believe it turned out like this",casual
"that was totally avoidable",casual
"im just done trying",casual
"this isnt what i signed up for",casual
"i didnt expect things to fail",casual
"that didnt help the situation at all",casual
"im honestly confused about everything",casual
"this keeps ruining my mood",casual
"i cant keep waiting like this",casual
"that wasnt a smart move",casual
"im not satisfied with the outcome",casual
"this feels way too exhausting",casual
"i didnt expect such a mess",casual
"that didnt turn out as planned",casual
"im just gonna stop here",casual
"this is really getting on my nerves",casual
"i cant deal with this pressure anymore",casual
"that wasnt worth all this trouble",casual
"im already done with it",casual
"this keeps dragging everything down",casual
"i didnt mean for things to go wrong",casual


"im not in the right headspace today",casual
"this is honestly too much for me",casual
"i cant believe how messy this got",casual
"that didnt go anywhere useful",casual
"im just trying to survive the day",casual
"this feels really pointless now",casual
"i dont feel up to it today",casual
"that was way harder than it needed to be",casual
"im already feeling burned out",casual
"this keeps eating up my time",casual
"i didnt think itd be this annoying",casual
"that didnt make things clearer",casual
"im honestly just done",casual
"this feels like such a chore",casual
"i cant deal with this chaos",casual
"that wasnt supposed to break",casual
"im just gonna let it be",casual
"this isnt helping me at all",casual
"i dont know why i bother sometimes",casual
"that didnt turn out okay",casual
"im kinda zoning out now",casual
"this is taking way too much effort",casual
"i cant keep up with everything",casual
"that wasnt part of the deal",casual
"im not really into this anymore",casual
"this keeps throwing off my plans",casual
"i didnt expect it to drag on",casual
"that was tougher than i thought",casual
"im honestly losing patience fast",casual
"this is getting old really quick",casual
"i cant believe we wasted so much time",casual
"that didnt help at all again",casual
"im just feeling drained today",casual
"this isnt going the way i hoped",casual
"i dont feel confident doing this",casual
"that was kinda underwhelming",casual
"im not dealing with this today",casual
"this feels like a huge waste",casual
"i didnt mean for it to mess up",casual
"that went wrong way too fast",casual
"im just gonna step back",casual
"this keeps messing with my focus",casual
"i cant concentrate on anything now",casual
"that wasnt worth all this effort",casual
"im not sure why this keeps failing",casual
"this is honestly exhausting me",casual
"i didnt expect it to be so bad",casual
"that didnt fix the issue",casual
"im already annoyed again",casual
"this just isnt working anymore",casual
"i cant deal with all this noise",casual
"that wasnt handled the right way",casual
"im not happy with how this turned out",casual
"this feels way too complicated for no reason",casual
"i didnt plan on spending my whole day here",casual
"that didnt sit well with me",casual
"im just really worn down",casual
"this keeps slowing everything",casual
"i cant keep fixing the same mistakes",casual
"that wasnt what i was hoping for",casual
"im honestly running out of energy",casual
"this is getting really frustrating",casual
"i didnt want things to go like this",casual
"that didnt solve the problem again",casual
"im not motivated to keep pushing",casual
"this feels completely pointless now",casual
"i cant believe how badly this went",casual
"that was totally avoidable honestly",casual
"im just done trying to fix it",casual
"this isnt what i wanted at all",casual
"i didnt expect everything to break",casual
"that didnt help the situation one bit",casual
"im honestly confused and tired",casual
"this keeps killing my mood",casual
"i cant keep waiting around like this",casual
"that wasnt a great decision",casual
"im not satisfied with this result",casual
"this feels way too draining",casual
"i didnt expect such a headache",casual
"that didnt turn out how i planned",casual
"im just gonna call it a day",casual
"this is really pushing my limits",casual
"i cant deal with this pressure anymore",casual
"that wasnt worth all the stress",casual
"im already completely over it",casual
"this keeps dragging me down",casual
"i didnt mean for everything to go wrong",casual


"im just not feeling it anymore",casual
"this is honestly getting ridiculous",casual
"i cant believe how long this is taking",casual
"that didnt go anywhere",casual
"im trying my best here",casual
"this feels like such a waste now",casual
"i dont really wanna deal with this",casual
"that was harder than it shouldve been",casual
"im already feeling annoyed",casual
"this keeps slowing me down",casual
"i didnt expect it to be this bad",casual
"that didnt clear things up",casual
"im honestly overthinking everything",casual
"this feels like too much effort",casual
"i cant deal with this nonsense",casual
"that wasnt supposed to happen at all",casual
"im just gonna move on",casual
"this isnt helping me one bit",casual
"i dont know why this keeps happening",casual
"that didnt turn out great again",casual
"im kinda losing hope now",casual
"this is taking way too long",casual
"i cant keep juggling all this",casual
"that wasnt part of what we agreed",casual
"im not really enjoying this anymore",casual
"this keeps messing with my plans",casual
"i didnt expect it to drag out so much",casual
"that was tougher than i imagined",casual
"im honestly running out of patience",casual
"this is getting old pretty fast",casual
"i cant believe we spent so long on this",casual
"that didnt help the situation again",casual
"im just feeling drained right now",casual
"this isnt going how i hoped",casual
"i dont feel confident about this at all",casual
"that was kinda disappointing honestly",casual
"im not dealing with this mess today",casual
"this feels like a massive waste",casual
"i didnt mean for it to go wrong",casual
"that went downhill really fast",casual
"im just gonna take a step back",casual
"this keeps throwing me off balance",casual
"i cant concentrate with all this noise",casual
"that wasnt worth the trouble at all",casual
"im not sure why this keeps failing",casual
"this is honestly wearing me out",casual
"i didnt expect it to be so stressful",casual
"that didnt fix anything again",casual
"im already irritated now",casual
"this just isnt working out anymore",casual
"i cant deal with all this chaos",casual
"that wasnt handled very well",casual
"im not happy with how this ended",casual
"this feels way too complicated for nothing",casual
"i didnt plan on spending so much time here",casual
"that didnt sit right with me at all",casual
"im just really burned out",casual
"this keeps slowing everything down again",casual
"i cant keep fixing the same problems",casual
"that wasnt what i was hoping would happen",casual
"im honestly losing motivation fast",casual
"this is getting extremely frustrating",casual
"i didnt want it to turn out this way",casual
"that didnt solve the issue either",casual
"im not motivated to keep going now",casual
"this feels completely pointless",casual
"i cant believe how badly it went",casual
"that was totally avoidable to be honest",casual
"im just done trying to make it work",casual
"this isnt what i wanted at all",casual
"i didnt expect everything to fall apart",casual
"that didnt help the situation whatsoever",casual
"im honestly confused and exhausted",casual
"this keeps ruining my whole mood",casual
"i cant keep waiting around anymore",casual
"that wasnt a smart choice",casual
"im not satisfied with this outcome",casual
"this feels way too draining now",casual
"i didnt expect such a big headache",casual
"that didnt turn out how i planned at all",casual
"im just gonna call it quits",casual
"this is really pushing me too far",casual
"i cant deal with this pressure anymore",casual
"that wasnt worth all the stress in the end",casual
"im already completely fed up",casual
"this keeps dragging everything down",casual
"i didnt mean for things to fall apart",casual


"The application loads correctly on most devices",neutral
"The results are acceptable based on initial testing",neutral
"This feature works as expected",neutral
"The system responds within a reasonable time",neutral
"The document provides a clear overview",neutral
"The update includes several improvements",neutral
"The task was completed successfully",neutral
"The data appears to be consistent",neutral
"The interface is easy to understand",neutral
"The process requires further review",neutral
"The output matches the input criteria",neutral
"The test cases cover common scenarios",neutral
"The application runs without errors",neutral
"The changes were applied correctly",neutral
"The results vary depending on input",neutral
"The system supports multiple formats",neutral
"The report summarizes key findings",neutral
"The operation completed without issues",neutral
"The configuration settings are correct",neutral
"The process follows standard steps",neutral
"The feature is available in the latest version",neutral
"The data was processed successfully",neutral
"The system behaves as intended",neutral
"The document was reviewed carefully",neutral
"The results meet basic requirements",neutral
"The application is ready for use",neutral
"The response time is within limits",neutral
"The task requires additional input",neutral
"The system was tested thoroughly",neutral
"The information is presented clearly",neutral
"The process can be improved further",neutral
"The feature works in most cases",neutral
"The data set is relatively small",neutral
"The output is consistent across runs",neutral
"The application supports user input",neutral
"The update resolved previous issues",neutral
"The system is functioning properly",neutral
"The document outlines the main steps",neutral
"The results were recorded accurately",neutral
"The interface responds to user actions",neutral
"The process is straightforward to follow",neutral
"The feature requires minor adjustments",neutral
"The data appears reliable",neutral
"The system handles requests efficiently",neutral
"The document includes relevant details",neutral
"The task was executed as planned",neutral
"The output was generated successfully",neutral
"The application meets current needs",neutral
"The response was received on time",neutral
"The system configuration is stable",neutral
"The information is easy to access",neutral
"The process follows established guidelines",neutral
"The feature is implemented correctly",neutral
"The data was validated before use",neutral
"The system produces consistent results",neutral
"The document is organized logically",neutral
"The results indicate moderate performance",neutral
"The application supports basic functionality",neutral
"The response time remains stable",neutral
"The task can be completed efficiently",neutral
"The system operates under normal conditions",neutral
"The information provided is sufficient",neutral
"The process includes multiple steps",neutral
"The feature is tested regularly",neutral
"The data set includes relevant samples",neutral
"The system adapts to different inputs",neutral
"The document explains the procedure",neutral
"The results are within acceptable range",neutral
"The application performs reliably",neutral
"The response meets expectations",neutral
"The system settings are configured properly",neutral
"The information is updated periodically",neutral
"The process is monitored continuously",neutral
"The feature is supported by documentation",neutral
"The data was collected systematically",neutral
"The system processes data accurately",neutral
"The document was updated recently",neutral
"The results reflect current conditions",neutral
"The application handles standard tasks",neutral
"The response time is acceptable",neutral
"The system remains operational",neutral
"The information is presented concisely",neutral
"The process aligns with requirements",neutral
"The feature is available to users",neutral
"The data appears complete",neutral
"The system performs as expected",neutral
"The document provides useful guidance",neutral
"The results suggest stable behavior",neutral
"The application is functioning normally",neutral


"The system completed the request successfully",neutral
"The file was saved in the specified location",neutral
"The application displays the correct output",neutral
"The results depend on the selected options",neutral
"The process finished without interruption",neutral
"The interface provides necessary controls",neutral
"The task was performed according to instructions",neutral
"The data was loaded into memory",neutral
"The response was generated automatically",neutral
"The document contains relevant information",neutral
"The update introduced minor changes",neutral
"The system accepted the input values",neutral
"The feature operates under normal conditions",neutral
"The output file was created successfully",neutral
"The process requires user confirmation",neutral
"The application opens without delay",neutral
"The results were obtained after execution",neutral
"The system supports standard operations",neutral
"The information is displayed correctly",neutral
"The task was completed within the expected time",neutral
"The configuration file was updated",neutral
"The application handles requests sequentially",neutral
"The data appears consistent across records",neutral
"The system generates responses as designed",neutral
"The document outlines the required steps",neutral
"The process can be repeated if necessary",neutral
"The feature responds to user input",neutral
"The data was processed in batches",neutral
"The system behavior matches expectations",neutral
"The output is stored securely",neutral
"The application supports multiple users",neutral
"The response was logged for reference",neutral
"The task execution was successful",neutral
"The information is available on request",neutral
"The system performs routine checks",neutral
"The document explains the workflow",neutral
"The results are displayed on screen",neutral
"The application remains responsive",neutral
"The process includes validation steps",neutral
"The feature is enabled by default",neutral
"The data was retrieved from storage",neutral
"The system processes commands sequentially",neutral
"The document is accessible to users",neutral
"The task requires minimal interaction",neutral
"The output reflects the current state",neutral
"The application adapts to user settings",neutral
"The response time remains consistent",neutral
"The system records execution details",neutral
"The information is presented in order",neutral
"The process follows a defined sequence",neutral
"The feature supports basic usage",neutral
"The data was transferred successfully",neutral
"The system executes tasks reliably",neutral
"The document provides step by step guidance",neutral
"The results update after each run",neutral
"The application handles errors gracefully",neutral
"The response is generated on demand",neutral
"The system settings remain unchanged",neutral
"The information is synchronized properly",neutral
"The process operates continuously",neutral
"The feature is included in the release",neutral
"The data remains unchanged during processing",neutral
"The system accepts standard formats",neutral
"The document was saved automatically",neutral
"The task can be completed manually",neutral
"The output is generated in real time",neutral
"The application supports configuration options",neutral
"The response meets basic criteria",neutral
"The system logs relevant events",neutral
"The information is retrieved correctly",neutral
"The process completes after validation",neutral
"The feature is accessible from the menu",neutral
"The data is stored securely",neutral
"The system runs without interruption",neutral
"The document reflects the latest changes",neutral
"The task execution follows guidelines",neutral
"The output remains consistent",neutral
"The application functions under load",neutral
"The response is displayed clearly",neutral
"The system maintains stable operation",neutral
"The information is processed sequentially",neutral
"The process requires no additional setup",neutral
"The feature performs as intended",neutral
"The data is updated periodically",neutral
"The system completes operations efficiently",neutral
"The document contains updated instructions",neutral
"The results are generated accurately",neutral
"The application responds to commands",neutral
"The response time meets expectations",neutral
"The system remains available",neutral
"The information is presented clearly to users",neutral


"The system processes requests correctly",neutral
"The file opens without any issues",neutral
"The application displays updated content",neutral
"The results change based on user input",neutral
"The process completed as scheduled",neutral
"The interface provides clear options",neutral
"The task follows predefined steps",neutral
"The data was uploaded successfully",neutral
"The response was returned promptly",neutral
"The document includes all required sections",neutral
"The update was applied without errors",neutral
"The system accepts valid inputs",neutral
"The feature operates consistently",neutral
"The output file is generated correctly",neutral
"The process requires additional confirmation",neutral
"The application starts without delay",neutral
"The results were produced after processing",neutral
"The system supports common use cases",neutral
"The information is shown accurately",neutral
"The task finished within the expected duration",neutral
"The configuration was saved properly",neutral
"The application manages multiple tasks",neutral
"The data remains consistent throughout",neutral
"The system responds as expected",neutral
"The document outlines the procedure clearly",neutral
"The process can be restarted if needed",neutral
"The feature reacts to user actions",neutral
"The data was processed sequentially",neutral
"The system behavior is predictable",neutral
"The output is stored correctly",neutral
"The application supports standard features",neutral
"The response was recorded for tracking",neutral
"The task execution completed successfully",neutral
"The information is accessible when needed",neutral
"The system performs regular operations",neutral
"The document explains each step",neutral
"The results appear on the dashboard",neutral
"The application remains stable",neutral
"The process includes verification steps",neutral
"The feature is enabled automatically",neutral
"The data was fetched from the server",neutral
"The system executes commands in order",neutral
"The document is available for reference",neutral
"The task requires limited user input",neutral
"The output reflects the processed data",neutral
"The application adjusts to preferences",neutral
"The response time is consistent",neutral
"The system logs important actions",neutral
"The information is displayed in sequence",neutral
"The process follows an established flow",neutral
"The feature supports normal operation",neutral
"The data was transmitted correctly",neutral
"The system performs tasks reliably",neutral
"The document provides clear guidance",neutral
"The results update after processing",neutral
"The application handles input validation",neutral
"The response is created automatically",neutral
"The system settings remain stable",neutral
"The information stays synchronized",neutral
"The process runs continuously",neutral
"The feature is included by default",neutral
"The data remains unchanged during execution",neutral
"The system supports common formats",neutral
"The document was generated automatically",neutral
"The task can be completed quickly",neutral
"The output is produced in sequence",neutral
"The application supports customization",neutral
"The response meets the criteria",neutral
"The system records execution logs",neutral
"The information is retrieved accurately",neutral
"The process completes after checks",neutral
"The feature is available in the interface",neutral
"The data is stored safely",neutral
"The system runs as intended",neutral
"The document reflects recent updates",neutral
"The task execution follows instructions",neutral
"The output remains stable",neutral
"The application handles concurrent actions",neutral
"The response is visible to users",neutral
"The system maintains normal operation",neutral
"The information is processed correctly",neutral
"The process requires no manual adjustment",neutral
"The feature functions properly",neutral
"The data is refreshed periodically",neutral
"The system completes actions efficiently",neutral
"The document includes updated details",neutral
"The results are generated consistently",neutral
"The application responds to inputs",neutral
"The response time stays within limits",neutral
"The system remains accessible",neutral
"The information is presented clearly",neutral


"The system completed the operation",neutral
"The file was processed successfully",neutral
"The application shows the correct result",neutral
"The results depend on configuration settings",neutral
"The process ended without issues",neutral
"The interface provides useful information",neutral
"The task follows a simple workflow",neutral
"The data was received correctly",neutral
"The response was generated as expected",neutral
"The document contains updated content",neutral
"The update fixed the reported issue",neutral
"The system accepts new requests",neutral
"The feature works in normal conditions",neutral
"The output file was saved correctly",neutral
"The process requires approval",neutral
"The application opens properly",neutral
"The results were produced on completion",neutral
"The system supports standard input types",neutral
"The information appears accurate",neutral
"The task finished on time",neutral
"The configuration was applied successfully",neutral
"The application manages user requests",neutral
"The data remains accurate",neutral
"The system performs the action",neutral
"The document describes the process",neutral
"The process can continue as planned",neutral
"The feature responds correctly",neutral
"The data was handled properly",neutral
"The system behavior is consistent",neutral
"The output is generated correctly",neutral
"The application supports basic operations",neutral
"The response was captured successfully",neutral
"The task execution finished",neutral
"The information is available to users",neutral
"The system performs scheduled tasks",neutral
"The document explains the steps clearly",neutral
"The results appear after processing",neutral
"The application remains functional",neutral
"The process includes verification",neutral
"The feature is enabled automatically",neutral
"The data was retrieved correctly",neutral
"The system executes commands properly",neutral
"The document is stored safely",neutral
"The task requires minimal setup",neutral
"The output reflects current data",neutral
"The application adapts to changes",neutral
"The response time is stable",neutral
"The system records activity",neutral
"The information is shown in order",neutral
"The process follows defined rules",neutral
"The feature supports regular usage",neutral
"The data was transferred securely",neutral
"The system performs consistently",neutral
"The document provides guidance",neutral
"The results update correctly",neutral
"The application validates input",neutral
"The response is generated on request",neutral
"The system settings remain unchanged",neutral
"The information stays current",neutral
"The process runs as expected",neutral
"The feature is included in the build",neutral
"The data remains intact",neutral
"The system supports normal operation",neutral
"The document was updated recently",neutral
"The task can be completed easily",neutral
"The output is produced correctly",neutral
"The application allows configuration",neutral
"The response meets requirements",neutral
"The system logs actions",neutral
"The information is retrieved properly",neutral
"The process completes successfully",neutral
"The feature is accessible",neutral
"The data is stored correctly",neutral
"The system runs smoothly",neutral
"The document reflects changes",neutral
"The task execution follows plan",neutral
"The output remains reliable",neutral
"The application handles requests",neutral
"The response is displayed properly",neutral
"The system remains stable",neutral
"The information is processed sequentially",neutral
"The process requires no intervention",neutral
"The feature functions normally",neutral
"The data is refreshed automatically",neutral
"The system completes tasks",neutral
"The document contains instructions",neutral
"The results are shown clearly",neutral
"The application responds correctly",neutral
"The response time is acceptable",neutral
"The system stays available",neutral
"The information is presented accurately",neutral



"The system completed the task successfully",neutral
"The file was created in the target folder",neutral
"The application shows updated information",neutral
"The results depend on the input provided",neutral
"The process finished as expected",neutral
"The interface displays relevant options",neutral
"The task follows the defined procedure",neutral
"The data was uploaded without errors",neutral
"The response was returned on request",neutral
"The document includes current details",neutral
"The update applied the required changes",neutral
"The system accepts user input",neutral
"The feature works under normal usage",neutral
"The output file is available for review",neutral
"The process requires confirmation from the user",neutral
"The application opens and runs correctly",neutral
"The results were generated after processing",neutral
"The system supports standard workflows",neutral
"The information is displayed properly",neutral
"The task completed within the expected timeframe",neutral
"The configuration settings were saved",neutral
"The application manages operations efficiently",neutral
"The data remains accurate during processing",neutral
"The system responds to requests correctly",neutral
"The document outlines the required actions",neutral
"The process can be repeated if needed",neutral
"The feature reacts as designed",neutral
"The data was processed without loss",neutral
"The system behavior remains consistent",neutral
"The output is stored in the database",neutral
"The application supports routine tasks",neutral
"The response was logged successfully",neutral
"The task execution completed normally",neutral
"The information is accessible through the interface",neutral
"The system performs regular checks",neutral
"The document explains the workflow steps",neutral
"The results appear after execution",neutral
"The application remains operational",neutral
"The process includes verification steps",neutral
"The feature is enabled by default",neutral
"The data was fetched correctly",neutral
"The system executes instructions properly",neutral
"The document is available for download",neutral
"The task requires minimal configuration",neutral
"The output reflects the processed input",neutral
"The application adapts to system settings",neutral
"The response time remains within limits",neutral
"The system records execution events",neutral
"The information is shown clearly to users",neutral
"The process follows established rules",neutral
"The feature supports common operations",neutral
"The data was transferred without issues",neutral
"The system performs actions reliably",neutral
"The document provides helpful guidance",neutral
"The results update correctly after processing",neutral
"The application validates user input",neutral
"The response is created automatically",neutral
"The system settings remain stable",neutral
"The information stays synchronized",neutral
"The process runs continuously when required",neutral
"The feature is included in the current version",neutral
"The data remains unchanged during execution",neutral
"The system supports widely used formats",neutral
"The document was generated automatically",neutral
"The task can be completed quickly",neutral
"The output is produced in sequence",neutral
"The application supports configuration changes",neutral
"The response meets the defined criteria",neutral
"The system logs relevant activity",neutral
"The information is retrieved accurately",neutral
"The process completes after validation checks",neutral
"The feature is available from the main menu",neutral
"The data is stored securely",neutral
"The system runs without interruption",neutral
"The document reflects the latest updates",neutral
"The task execution follows instructions",neutral
"The output remains consistent",neutral
"The application handles standard requests",neutral
"The response is visible on the screen",neutral
"The system maintains stable operation",neutral
"The information is processed correctly",neutral
"The process requires no additional setup",neutral
"The feature functions as expected",neutral
"The data is refreshed periodically",neutral
"The system completes operations efficiently",neutral
"The document contains updated instructions",neutral
"The results are generated accurately",neutral
"The application responds to commands",neutral
"The response time meets expectations",neutral
"The system remains available to users",neutral
"The information is presented clearly and concisely",neutral
